class1	link	(//nav[@id='nav-header']/ul/li/a[@title])[2]	class5	menu
class1	link	(//nav[@id='nav-header']/ul/li/a[@title])[4]	class8	menu
class1	link	(//nav[@id='nav-header']/ul/li/a[@title])[5]	class8	menu
class1	link	(//nav[@id='nav-header']/ul/li/a[@title])[8]	class6	menu
class1	link	(//nav[@id='nav-header']/ul/li/a[@title])[3]	class8	menu
class1	link	(//nav[@id='nav-header']/ul/li/a[@title])[6]	class8	menu
class1	link	(//nav[@id='nav-header']/ul/li/a[@title])[7]	class5	menu
class1	link	(//nav[@id='nav-header']/ul/li/a[@title])[1]	class5	menu
class1	link	(//nav[@id='nav-footer']/ul/li/a[@title])[2]	class5	menu
class1	link	(//nav[@id='nav-footer']/ul/li/a[@title])[4]	class8	menu
class1	link	(//nav[@id='nav-footer']/ul/li/a[@title])[5]	class8	menu
class1	link	(//nav[@id='nav-footer']/ul/li/a[@title])[8]	class6	menu
class1	link	(//nav[@id='nav-footer']/ul/li/a[@title])[3]	class8	menu
class1	link	(//nav[@id='nav-footer']/ul/li/a[@title])[6]	class8	menu
class1	link	(//nav[@id='nav-footer']/ul/li/a[@title])[7]	class5	menu
class1	link	(//nav[@id='nav-footer']/ul/li/a[@title])[1]	class5	menu
class1	link	//div[@id='footer-1']/div[@class]/small/a[@title]	class13	list
class1	link	//div[@id='lookingto-rent']/a[@title and @class]	class16	singleton
class1	link	//a[@id='promo-myww']	class13	singleton
class1	link	//div[@id='lookingto-buy']/a[@title and @class]	class16	singleton
class1	link	//a[@id='link-myww']	class13	singleton
class1	link	//div[@id='lookingto-sell']/a[@title and @class]	class8	singleton
class1	link	//ul[@id='splash-straplines']/li/div[@class]/a[@title and @class]	class8	singleton
class5	link	(//nav[@id='nav-header']/ul/li/a[@title])[3]	class8	menu
class5	link	(//nav[@id='nav-header']/ul/li/a[@title])[4]	class8	menu
class5	link	(//nav[@id='nav-header']/ul/li/a[@title])[7]	class6	menu
class5	link	(//nav[@id='nav-header']/ul/li/a[@title])[2]	class8	menu
class5	link	(//nav[@id='nav-header']/ul/li/a[@title])[5]	class8	menu
class5	link	(//nav[@id='nav-header']/ul/li/a[@title])[6]	class5	menu
class5	link	(//nav[@id='nav-header']/ul/li/a[@title])[1]	class5	menu
class5	link	(//nav[@id='nav-footer']/ul/li/a[@title])[3]	class8	menu
class5	link	(//nav[@id='nav-footer']/ul/li/a[@title])[4]	class8	menu
class5	link	(//nav[@id='nav-footer']/ul/li/a[@title])[7]	class6	menu
class5	link	(//nav[@id='nav-footer']/ul/li/a[@title])[2]	class8	menu
class5	link	(//nav[@id='nav-footer']/ul/li/a[@title])[5]	class8	menu
class5	link	(//nav[@id='nav-footer']/ul/li/a[@title])[6]	class5	menu
class5	link	(//nav[@id='nav-footer']/ul/li/a[@title])[1]	class5	menu
class5	link	//a[@id='current']	class5	list
class5	link	//div[@id='footer-1']/div[@class]/small/a[@title]	class13	list
class5	link	//ul[@id='submenu']/li/a[@title]	class1	list
class5	link	//div[@id='subpage-content-copy']/p/a[@title]	class6	singleton
class5	link	//a[@id='link-myww']	class13	singleton
class6	link	(//nav[@id='nav-header']/ul/li/a[@title])[2]	class5	menu
class6	link	(//nav[@id='nav-header']/ul/li/a[@title])[4]	class8	menu
class6	link	(//nav[@id='nav-header']/ul/li/a[@title])[5]	class8	menu
class6	link	(//nav[@id='nav-header']/ul/li/a[@title])[8]	class6	menu
class6	link	(//nav[@id='nav-header']/ul/li/a[@title])[3]	class8	menu
class6	link	(//nav[@id='nav-header']/ul/li/a[@title])[6]	class8	menu
class6	link	(//nav[@id='nav-header']/ul/li/a[@title])[7]	class5	menu
class6	link	(//nav[@id='nav-header']/ul/li/a[@title])[1]	class5	menu
class6	link	(//nav[@id='nav-footer']/ul/li/a[@title])[2]	class5	menu
class6	link	(//nav[@id='nav-footer']/ul/li/a[@title])[4]	class8	menu
class6	link	(//nav[@id='nav-footer']/ul/li/a[@title])[5]	class8	menu
class6	link	(//nav[@id='nav-footer']/ul/li/a[@title])[8]	class6	menu
class6	link	(//nav[@id='nav-footer']/ul/li/a[@title])[3]	class8	menu
class6	link	(//nav[@id='nav-footer']/ul/li/a[@title])[6]	class8	menu
class6	link	(//nav[@id='nav-footer']/ul/li/a[@title])[7]	class5	menu
class6	link	(//nav[@id='nav-footer']/ul/li/a[@title])[1]	class5	menu
class6	link	//div[@id='footer-1']/div[@class]/small/a[@title]	class13	list
class6	link	//a[@id='current']	class6	list
class6	link	//div[@id='map']/div[@style]/div[@style]/div[@class]/div[@unselectable]/div[@style]/a	class6	singleton
class6	link	//a[@id='link-myww']	class13	singleton
class6	link	//div[@id='breadcrumb']/a	class13	singleton
class8	link	(//nav[@id='nav-header']/ul/li/a[@title])[2]	class5	menu
class8	link	(//nav[@id='nav-header']/ul/li/a[@title])[4]	class8	menu
class8	link	(//nav[@id='nav-header']/ul/li/a[@title])[7]	class6	menu
class8	link	(//nav[@id='nav-header']/ul/li/a[@title])[3]	class8	menu
class8	link	(//nav[@id='nav-header']/ul/li/a[@title])[5]	class8	menu
class8	link	(//nav[@id='nav-header']/ul/li/a[@title])[6]	class5	menu
class8	link	(//nav[@id='nav-header']/ul/li/a[@title])[1]	class5	menu
class8	link	(//nav[@id='nav-footer']/ul/li/a[@title])[2]	class5	menu
class8	link	(//nav[@id='nav-footer']/ul/li/a[@title])[4]	class8	menu
class8	link	(//nav[@id='nav-footer']/ul/li/a[@title])[7]	class6	menu
class8	link	(//nav[@id='nav-footer']/ul/li/a[@title])[3]	class8	menu
class8	link	(//nav[@id='nav-footer']/ul/li/a[@title])[5]	class8	menu
class8	link	(//nav[@id='nav-footer']/ul/li/a[@title])[6]	class5	menu
class8	link	(//nav[@id='nav-footer']/ul/li/a[@title])[1]	class5	menu
class8	link	//a[@id='current']	class8	list
class8	link	//div[@id='footer-1']/div[@class]/small/a[@title]	class13	list
class8	link	//a[@id='link-myww']	class13	singleton
class8	link	//div[@id='subpage-content-copy']/h3[@class]/a[@title]	class6	singleton
class8	link	//div[@id='subpage-content-right']/a	class8	singleton
class13	link	(//nav[@id='nav-header']/ul/li/a[@title])[2]	class5	menu
class13	link	(//nav[@id='nav-header']/ul/li/a[@title])[4]	class8	menu
class13	link	(//nav[@id='nav-header']/ul/li/a[@title])[5]	class8	menu
class13	link	(//nav[@id='nav-header']/ul/li/a[@title])[8]	class6	menu
class13	link	(//nav[@id='nav-header']/ul/li/a[@title])[3]	class8	menu
class13	link	(//nav[@id='nav-header']/ul/li/a[@title])[6]	class8	menu
class13	link	(//nav[@id='nav-header']/ul/li/a[@title])[7]	class5	menu
class13	link	(//nav[@id='nav-header']/ul/li/a[@title])[1]	class5	menu
class13	link	(//nav[@id='nav-footer']/ul/li/a[@title])[2]	class5	menu
class13	link	(//nav[@id='nav-footer']/ul/li/a[@title])[4]	class8	menu
class13	link	(//nav[@id='nav-footer']/ul/li/a[@title])[5]	class8	menu
class13	link	(//nav[@id='nav-footer']/ul/li/a[@title])[8]	class6	menu
class13	link	(//nav[@id='nav-footer']/ul/li/a[@title])[3]	class8	menu
class13	link	(//nav[@id='nav-footer']/ul/li/a[@title])[6]	class8	menu
class13	link	(//nav[@id='nav-footer']/ul/li/a[@title])[7]	class5	menu
class13	link	(//nav[@id='nav-footer']/ul/li/a[@title])[1]	class5	menu
class13	link	//div[@id='footer-1']/div[@class]/small/a[@title]	class13	list
class13	link	//a[@id='link-myww']	class13	singleton
class13	link	//div[@id='myww_register']/a[@title and @class]	class6	singleton
class16	link	(//nav[@id='nav-header']/ul/li/a[@title])[2]	class5	menu
class16	link	(//nav[@id='nav-header']/ul/li/a[@title])[4]	class8	menu
class16	link	(//nav[@id='nav-header']/ul/li/a[@title])[5]	class8	menu
class16	link	(//nav[@id='nav-header']/ul/li/a[@title])[8]	class6	menu
class16	link	(//nav[@id='nav-header']/ul/li/a[@title])[3]	class8	menu
class16	link	(//nav[@id='nav-header']/ul/li/a[@title])[6]	class8	menu
class16	link	(//nav[@id='nav-header']/ul/li/a[@title])[7]	class5	menu
class16	link	(//nav[@id='nav-header']/ul/li/a[@title])[1]	class5	menu
class16	link	(//nav[@id='nav-footer']/ul/li/a[@title])[2]	class5	menu
class16	link	(//nav[@id='nav-footer']/ul/li/a[@title])[4]	class8	menu
class16	link	(//nav[@id='nav-footer']/ul/li/a[@title])[5]	class8	menu
class16	link	(//nav[@id='nav-footer']/ul/li/a[@title])[8]	class6	menu
class16	link	(//nav[@id='nav-footer']/ul/li/a[@title])[3]	class8	menu
class16	link	(//nav[@id='nav-footer']/ul/li/a[@title])[6]	class8	menu
class16	link	(//nav[@id='nav-footer']/ul/li/a[@title])[7]	class5	menu
class16	link	(//nav[@id='nav-footer']/ul/li/a[@title])[1]	class5	menu
class16	link	//div[@id='allpropbtns']/a[@class]	class17	list
class16	link	//div[@id='footer-1']/div[@class]/small/a[@title]	class13	list
class16	link	//a[@id='link-myww']	class13	singleton
class16	link	//div[@id='banner-google-map']/a[@title]	class121	singleton
class16	link	//div[@id='postcode-canvas']/div[@style]/div[@style]/div[@class]/div[@unselectable]/div[@style]/a	class16	singleton
class16	link	//div[@id='page']/div[@class]/div[@class]/a	class17	singleton
class17	link	(//div[@id='page']/div[@class]/div[@class]/div[@class]/a[@title])[1]	class31	menu
class17	link	(//div[@id='page']/div[@class]/div[@class]/div[@class]/a[@title])[2]	class31	menu
class17	link	(//div[@id='page']/div[@class]/div[@class]/div[@class]/a[@title])[7]	class31	menu
class17	link	(//div[@id='page']/div[@class]/div[@class]/div[@class]/a[@title])[8]	class31	menu
class17	link	(//div[@id='page']/div[@class]/div[@class]/div[@class]/a[@title])[9]	class31	menu
class17	link	(//div[@id='page']/div[@class]/div[@class]/div[@class]/a[@title])[6]	class31	menu
class17	link	(//div[@id='page']/div[@class]/div[@class]/div[@class]/a[@title])[3]	class17	menu
class17	link	(//div[@id='page']/div[@class]/div[@class]/div[@class]/a[@title])[5]	class17	menu
class17	link	(//div[@id='page']/div[@class]/div[@class]/div[@class]/a[@title])[11]	class17	menu
class17	link	(//div[@id='page']/div[@class]/div[@class]/div[@class]/a[@title])[4]	class31	menu
class17	link	(//div[@id='page']/div[@class]/div[@class]/div[@class]/a[@title])[12]	class31	menu
class17	link	(//div[@id='page']/div[@class]/div[@class]/div[@class]/a[@title])[13]	class31	menu
class17	link	(//div[@id='page']/div[@class]/div[@class]/div[@class]/a[@title])[10]	class31	menu
class17	link	(//nav[@id='nav-header']/ul/li/a[@title])[2]	class5	menu
class17	link	(//nav[@id='nav-header']/ul/li/a[@title])[4]	class8	menu
class17	link	(//nav[@id='nav-header']/ul/li/a[@title])[5]	class8	menu
class17	link	(//nav[@id='nav-header']/ul/li/a[@title])[8]	class6	menu
class17	link	(//nav[@id='nav-header']/ul/li/a[@title])[3]	class8	menu
class17	link	(//nav[@id='nav-header']/ul/li/a[@title])[6]	class8	menu
class17	link	(//nav[@id='nav-header']/ul/li/a[@title])[7]	class5	menu
class17	link	(//nav[@id='nav-header']/ul/li/a[@title])[1]	class5	menu
class17	link	(//nav[@id='nav-footer']/ul/li/a[@title])[2]	class5	menu
class17	link	(//nav[@id='nav-footer']/ul/li/a[@title])[4]	class8	menu
class17	link	(//nav[@id='nav-footer']/ul/li/a[@title])[5]	class8	menu
class17	link	(//nav[@id='nav-footer']/ul/li/a[@title])[8]	class6	menu
class17	link	(//nav[@id='nav-footer']/ul/li/a[@title])[3]	class8	menu
class17	link	(//nav[@id='nav-footer']/ul/li/a[@title])[6]	class8	menu
class17	link	(//nav[@id='nav-footer']/ul/li/a[@title])[7]	class5	menu
class17	link	(//nav[@id='nav-footer']/ul/li/a[@title])[1]	class5	menu
class17	link	//div[@id='page']/div[@class]/div[@class]/div[@class]/a[@title and @class]	class66	list
class17	link	//div[@id='page']/div[@class]/div[@class]/div[@class]/a[@class]	class17	list
class17	link	//div[@id='footer-1']/div[@class]/small/a[@title]	class13	list
class17	link	//a[@id='link-myww']	class13	singleton
class17	link	//div[@id='page']/div[@class]/div[@style]/a[@title]	class13	singleton
class17	link	//div[@id='page']/div[@class]/div[@class]/a	class16	singleton
class31	link	(//nav[@id='nav-header']/ul/li/a[@title])[2]	class5	menu
class31	link	(//nav[@id='nav-header']/ul/li/a[@title])[4]	class8	menu
class31	link	(//nav[@id='nav-header']/ul/li/a[@title])[5]	class8	menu
class31	link	(//nav[@id='nav-header']/ul/li/a[@title])[8]	class6	menu
class31	link	(//nav[@id='nav-header']/ul/li/a[@title])[3]	class8	menu
class31	link	(//nav[@id='nav-header']/ul/li/a[@title])[6]	class8	menu
class31	link	(//nav[@id='nav-header']/ul/li/a[@title])[7]	class5	menu
class31	link	(//nav[@id='nav-header']/ul/li/a[@title])[1]	class5	menu
class31	link	(//nav[@id='nav-footer']/ul/li/a[@title])[2]	class5	menu
class31	link	(//nav[@id='nav-footer']/ul/li/a[@title])[4]	class8	menu
class31	link	(//nav[@id='nav-footer']/ul/li/a[@title])[5]	class8	menu
class31	link	(//nav[@id='nav-footer']/ul/li/a[@title])[8]	class6	menu
class31	link	(//nav[@id='nav-footer']/ul/li/a[@title])[3]	class8	menu
class31	link	(//nav[@id='nav-footer']/ul/li/a[@title])[6]	class8	menu
class31	link	(//nav[@id='nav-footer']/ul/li/a[@title])[7]	class5	menu
class31	link	(//nav[@id='nav-footer']/ul/li/a[@title])[1]	class5	menu
class31	link	//div[@id='breadcrumb']/a[@title]	class17	list
class31	link	//div[@id='footer-1']/div[@class]/small/a[@title]	class13	list
class31	link	//div[@id='propertypage_infowrap']/article/header/a[@title]	class17	singleton
class31	link	//a[@id='link-myww']	class13	singleton
class31	link	//div[@id='page']/div[@class]/div[@class]/a[@class]/a	class31	singleton
class31	link	//div[@id='propertypage-col1']/a[@title and @class]	class13	singleton
class31	link	//div[@id='page']/div[@class]/div[@class]/a[@class]	class31	singleton
class31	link	//div[@id='propertypage-col3']/a[@title and @class]	class8	singleton
class31	link	//div[@id='page']/div[@class]/div[@class]/a[@class]	class31	singleton
class31	link	//div[@id='page']/div[@class]/div[@class]/a	class31	singleton
class33	link	(//nav[@id='nav-propertypage']/ul/li/a[@title and @class])[2]	class78	menu
class33	link	(//nav[@id='nav-propertypage']/ul/li/a[@title and @class])[5]	class79	menu
class33	link	(//nav[@id='nav-header']/ul/li/a[@title])[2]	class5	menu
class33	link	(//nav[@id='nav-header']/ul/li/a[@title])[4]	class8	menu
class33	link	(//nav[@id='nav-header']/ul/li/a[@title])[5]	class8	menu
class33	link	(//nav[@id='nav-header']/ul/li/a[@title])[8]	class6	menu
class33	link	(//nav[@id='nav-header']/ul/li/a[@title])[3]	class8	menu
class33	link	(//nav[@id='nav-header']/ul/li/a[@title])[6]	class8	menu
class33	link	(//nav[@id='nav-header']/ul/li/a[@title])[7]	class5	menu
class33	link	(//nav[@id='nav-header']/ul/li/a[@title])[1]	class5	menu
class33	link	(//nav[@id='nav-footer']/ul/li/a[@title])[2]	class5	menu
class33	link	(//nav[@id='nav-footer']/ul/li/a[@title])[4]	class8	menu
class33	link	(//nav[@id='nav-footer']/ul/li/a[@title])[5]	class8	menu
class33	link	(//nav[@id='nav-footer']/ul/li/a[@title])[8]	class6	menu
class33	link	(//nav[@id='nav-footer']/ul/li/a[@title])[3]	class8	menu
class33	link	(//nav[@id='nav-footer']/ul/li/a[@title])[6]	class8	menu
class33	link	(//nav[@id='nav-footer']/ul/li/a[@title])[7]	class5	menu
class33	link	(//nav[@id='nav-footer']/ul/li/a[@title])[1]	class5	menu
class33	link	//div[@id='breadcrumb']/a[@title]	class17	list
class33	link	//div[@id='footer-1']/div[@class]/small/a[@title]	class13	list
class33	link	//a[@id='link-myww']	class13	singleton
class33	link	//div[@id='page']/div[@class]/div[@class]/a[@class]/a	class33	singleton
class33	link	//div[@id='propertypage-col1']/a[@title and @class]	class13	singleton
class33	link	//div[@id='page']/div[@class]/div[@class]/a[@class]	class33	singleton
class33	link	//div[@id='propertypage-col3']/a[@title and @class]	class8	singleton
class33	link	//div[@id='page']/div[@class]/div[@class]/a[@class]	class33	singleton
class33	link	//div[@id='page']/div[@class]/div[@class]/a	class33	singleton
class40	link	(//nav[@id='nav-propertypage']/ul/li/a[@title and @class])[2]	class78	menu
class40	link	(//nav[@id='nav-propertypage']/ul/li/a[@title and @class])[5]	class145	menu
class40	link	(//nav[@id='nav-header']/ul/li/a[@title])[2]	class5	menu
class40	link	(//nav[@id='nav-header']/ul/li/a[@title])[4]	class8	menu
class40	link	(//nav[@id='nav-header']/ul/li/a[@title])[5]	class8	menu
class40	link	(//nav[@id='nav-header']/ul/li/a[@title])[8]	class6	menu
class40	link	(//nav[@id='nav-header']/ul/li/a[@title])[3]	class8	menu
class40	link	(//nav[@id='nav-header']/ul/li/a[@title])[6]	class8	menu
class40	link	(//nav[@id='nav-header']/ul/li/a[@title])[7]	class5	menu
class40	link	(//nav[@id='nav-header']/ul/li/a[@title])[1]	class5	menu
class40	link	(//nav[@id='nav-footer']/ul/li/a[@title])[2]	class5	menu
class40	link	(//nav[@id='nav-footer']/ul/li/a[@title])[4]	class8	menu
class40	link	(//nav[@id='nav-footer']/ul/li/a[@title])[5]	class8	menu
class40	link	(//nav[@id='nav-footer']/ul/li/a[@title])[8]	class6	menu
class40	link	(//nav[@id='nav-footer']/ul/li/a[@title])[3]	class8	menu
class40	link	(//nav[@id='nav-footer']/ul/li/a[@title])[6]	class8	menu
class40	link	(//nav[@id='nav-footer']/ul/li/a[@title])[7]	class5	menu
class40	link	(//nav[@id='nav-footer']/ul/li/a[@title])[1]	class5	menu
class40	link	//div[@id='breadcrumb']/a[@title]	class17	list
class40	link	//div[@id='footer-1']/div[@class]/small/a[@title]	class13	list
class40	link	//div[@id='propertypage_infowrap']/article/header/a[@title]	class17	singleton
class40	link	//a[@id='link-myww']	class13	singleton
class40	link	//div[@id='page']/div[@class]/div[@class]/a[@class]/a	class40	singleton
class40	link	//div[@id='propertypage-col1']/a[@title and @class]	class13	singleton
class40	link	//div[@id='page']/div[@class]/div[@class]/a[@class]	class40	singleton
class40	link	//div[@id='propertypage-col3']/a[@title and @class]	class8	singleton
class40	link	//div[@id='page']/div[@class]/div[@class]/a[@class]	class40	singleton
class40	link	//div[@id='page']/div[@class]/div[@class]/a	class40	singleton
class46	link	(//nav[@id='nav-propertypage']/ul/li/a[@title and @class])[2]	class78	menu
class46	link	(//nav[@id='nav-propertypage']/ul/li/a[@title and @class])[5]	class97	menu
class46	link	(//nav[@id='nav-header']/ul/li/a[@title])[2]	class5	menu
class46	link	(//nav[@id='nav-header']/ul/li/a[@title])[4]	class8	menu
class46	link	(//nav[@id='nav-header']/ul/li/a[@title])[5]	class8	menu
class46	link	(//nav[@id='nav-header']/ul/li/a[@title])[8]	class6	menu
class46	link	(//nav[@id='nav-header']/ul/li/a[@title])[3]	class8	menu
class46	link	(//nav[@id='nav-header']/ul/li/a[@title])[6]	class8	menu
class46	link	(//nav[@id='nav-header']/ul/li/a[@title])[7]	class5	menu
class46	link	(//nav[@id='nav-header']/ul/li/a[@title])[1]	class5	menu
class46	link	(//nav[@id='nav-footer']/ul/li/a[@title])[2]	class5	menu
class46	link	(//nav[@id='nav-footer']/ul/li/a[@title])[4]	class8	menu
class46	link	(//nav[@id='nav-footer']/ul/li/a[@title])[5]	class8	menu
class46	link	(//nav[@id='nav-footer']/ul/li/a[@title])[8]	class6	menu
class46	link	(//nav[@id='nav-footer']/ul/li/a[@title])[3]	class8	menu
class46	link	(//nav[@id='nav-footer']/ul/li/a[@title])[6]	class8	menu
class46	link	(//nav[@id='nav-footer']/ul/li/a[@title])[7]	class5	menu
class46	link	(//nav[@id='nav-footer']/ul/li/a[@title])[1]	class5	menu
class46	link	//div[@id='breadcrumb']/a[@title]	class17	list
class46	link	//div[@id='footer-1']/div[@class]/small/a[@title]	class13	list
class46	link	//a[@id='link-myww']	class13	singleton
class46	link	//div[@id='page']/div[@class]/div[@class]/a[@class]/a	class46	singleton
class46	link	//div[@id='propertypage-col1']/a[@title and @class]	class13	singleton
class46	link	//div[@id='page']/div[@class]/div[@class]/a[@class]	class46	singleton
class46	link	//div[@id='propertypage-col3']/a[@title and @class]	class8	singleton
class46	link	//div[@id='page']/div[@class]/div[@class]/a[@class]	class46	singleton
class46	link	//div[@id='page']/div[@class]/div[@class]/a	class46	singleton
class53	link	(//nav[@id='nav-propertypage']/ul/li/a[@title and @class])[2]	class78	menu
class53	link	(//nav[@id='nav-propertypage']/ul/li/a[@title and @class])[5]	class113	menu
class53	link	(//nav[@id='nav-header']/ul/li/a[@title])[2]	class5	menu
class53	link	(//nav[@id='nav-header']/ul/li/a[@title])[4]	class8	menu
class53	link	(//nav[@id='nav-header']/ul/li/a[@title])[5]	class8	menu
class53	link	(//nav[@id='nav-header']/ul/li/a[@title])[8]	class6	menu
class53	link	(//nav[@id='nav-header']/ul/li/a[@title])[3]	class8	menu
class53	link	(//nav[@id='nav-header']/ul/li/a[@title])[6]	class8	menu
class53	link	(//nav[@id='nav-header']/ul/li/a[@title])[7]	class5	menu
class53	link	(//nav[@id='nav-header']/ul/li/a[@title])[1]	class5	menu
class53	link	(//nav[@id='nav-footer']/ul/li/a[@title])[2]	class5	menu
class53	link	(//nav[@id='nav-footer']/ul/li/a[@title])[4]	class8	menu
class53	link	(//nav[@id='nav-footer']/ul/li/a[@title])[5]	class8	menu
class53	link	(//nav[@id='nav-footer']/ul/li/a[@title])[8]	class6	menu
class53	link	(//nav[@id='nav-footer']/ul/li/a[@title])[3]	class8	menu
class53	link	(//nav[@id='nav-footer']/ul/li/a[@title])[6]	class8	menu
class53	link	(//nav[@id='nav-footer']/ul/li/a[@title])[7]	class5	menu
class53	link	(//nav[@id='nav-footer']/ul/li/a[@title])[1]	class5	menu
class53	link	//div[@id='breadcrumb']/a[@title]	class17	list
class53	link	//div[@id='footer-1']/div[@class]/small/a[@title]	class13	list
class53	link	//a[@id='link-myww']	class13	singleton
class53	link	//div[@id='page']/div[@class]/div[@class]/a[@class]/a	class53	singleton
class53	link	//div[@id='propertypage-col1']/a[@title and @class]	class13	singleton
class53	link	//div[@id='page']/div[@class]/div[@class]/a[@class]	class53	singleton
class53	link	//div[@id='propertypage-col3']/a[@title and @class]	class8	singleton
class53	link	//div[@id='page']/div[@class]/div[@class]/a[@class]	class53	singleton
class53	link	//div[@id='page']/div[@class]/div[@class]/a	class53	singleton
class60	link	(//nav[@id='nav-propertypage']/ul/li/a[@title and @class])[5]	class104	menu
class60	link	(//nav[@id='nav-propertypage']/ul/li/a[@title and @class])[2]	class78	menu
class60	link	(//nav[@id='nav-header']/ul/li/a[@title])[2]	class5	menu
class60	link	(//nav[@id='nav-header']/ul/li/a[@title])[4]	class8	menu
class60	link	(//nav[@id='nav-header']/ul/li/a[@title])[5]	class8	menu
class60	link	(//nav[@id='nav-header']/ul/li/a[@title])[8]	class6	menu
class60	link	(//nav[@id='nav-header']/ul/li/a[@title])[3]	class8	menu
class60	link	(//nav[@id='nav-header']/ul/li/a[@title])[6]	class8	menu
class60	link	(//nav[@id='nav-header']/ul/li/a[@title])[7]	class5	menu
class60	link	(//nav[@id='nav-header']/ul/li/a[@title])[1]	class5	menu
class60	link	(//nav[@id='nav-footer']/ul/li/a[@title])[2]	class5	menu
class60	link	(//nav[@id='nav-footer']/ul/li/a[@title])[4]	class8	menu
class60	link	(//nav[@id='nav-footer']/ul/li/a[@title])[5]	class8	menu
class60	link	(//nav[@id='nav-footer']/ul/li/a[@title])[8]	class6	menu
class60	link	(//nav[@id='nav-footer']/ul/li/a[@title])[3]	class8	menu
class60	link	(//nav[@id='nav-footer']/ul/li/a[@title])[6]	class8	menu
class60	link	(//nav[@id='nav-footer']/ul/li/a[@title])[7]	class5	menu
class60	link	(//nav[@id='nav-footer']/ul/li/a[@title])[1]	class5	menu
class60	link	//div[@id='breadcrumb']/a[@title]	class17	list
class60	link	//div[@id='footer-1']/div[@class]/small/a[@title]	class13	list
class60	link	//a[@id='link-myww']	class13	singleton
class60	link	//div[@id='page']/div[@class]/div[@class]/a[@class]/a	class60	singleton
class60	link	//div[@id='propertypage-col1']/a[@title and @class]	class13	singleton
class60	link	//div[@id='page']/div[@class]/div[@class]/a[@class]	class60	singleton
class60	link	//div[@id='propertypage-col3']/a[@title and @class]	class8	singleton
class60	link	//div[@id='page']/div[@class]/div[@class]/a[@class]	class60	singleton
class60	link	//div[@id='page']/div[@class]/div[@class]/a	class60	singleton
class66	link	(//nav[@id='nav-propertypage']/ul/li/a[@title and @class])[2]	class78	menu
class66	link	(//nav[@id='nav-propertypage']/ul/li/a[@title and @class])[4]	class150	menu
class66	link	(//nav[@id='nav-header']/ul/li/a[@title])[2]	class5	menu
class66	link	(//nav[@id='nav-header']/ul/li/a[@title])[4]	class8	menu
class66	link	(//nav[@id='nav-header']/ul/li/a[@title])[5]	class8	menu
class66	link	(//nav[@id='nav-header']/ul/li/a[@title])[8]	class6	menu
class66	link	(//nav[@id='nav-header']/ul/li/a[@title])[3]	class8	menu
class66	link	(//nav[@id='nav-header']/ul/li/a[@title])[6]	class8	menu
class66	link	(//nav[@id='nav-header']/ul/li/a[@title])[7]	class5	menu
class66	link	(//nav[@id='nav-header']/ul/li/a[@title])[1]	class5	menu
class66	link	(//nav[@id='nav-footer']/ul/li/a[@title])[2]	class5	menu
class66	link	(//nav[@id='nav-footer']/ul/li/a[@title])[4]	class8	menu
class66	link	(//nav[@id='nav-footer']/ul/li/a[@title])[5]	class8	menu
class66	link	(//nav[@id='nav-footer']/ul/li/a[@title])[8]	class6	menu
class66	link	(//nav[@id='nav-footer']/ul/li/a[@title])[3]	class8	menu
class66	link	(//nav[@id='nav-footer']/ul/li/a[@title])[6]	class8	menu
class66	link	(//nav[@id='nav-footer']/ul/li/a[@title])[7]	class5	menu
class66	link	(//nav[@id='nav-footer']/ul/li/a[@title])[1]	class5	menu
class66	link	//div[@id='breadcrumb']/a[@title]	class17	list
class66	link	//div[@id='footer-1']/div[@class]/small/a[@title]	class13	list
class66	link	//a[@id='link-myww']	class13	singleton
class66	link	//div[@id='page']/div[@class]/div[@class]/a[@class]/a	class66	singleton
class66	link	//div[@id='propertypage-col1']/a[@title and @class]	class13	singleton
class66	link	//div[@id='page']/div[@class]/div[@class]/a[@class]	class66	singleton
class66	link	//div[@id='propertypage-col3']/a[@title and @class]	class8	singleton
class66	link	//div[@id='page']/div[@class]/div[@class]/a[@class]	class66	singleton
class66	link	//div[@id='page']/div[@class]/div[@class]/a	class66	singleton
class73	link	(//nav[@id='nav-header']/ul/li/a[@title])[2]	class5	menu
class73	link	(//nav[@id='nav-header']/ul/li/a[@title])[4]	class8	menu
class73	link	(//nav[@id='nav-header']/ul/li/a[@title])[5]	class8	menu
class73	link	(//nav[@id='nav-header']/ul/li/a[@title])[8]	class6	menu
class73	link	(//nav[@id='nav-header']/ul/li/a[@title])[3]	class8	menu
class73	link	(//nav[@id='nav-header']/ul/li/a[@title])[6]	class8	menu
class73	link	(//nav[@id='nav-header']/ul/li/a[@title])[7]	class5	menu
class73	link	(//nav[@id='nav-header']/ul/li/a[@title])[1]	class5	menu
class73	link	(//nav[@id='nav-footer']/ul/li/a[@title])[2]	class5	menu
class73	link	(//nav[@id='nav-footer']/ul/li/a[@title])[4]	class8	menu
class73	link	(//nav[@id='nav-footer']/ul/li/a[@title])[5]	class8	menu
class73	link	(//nav[@id='nav-footer']/ul/li/a[@title])[8]	class6	menu
class73	link	(//nav[@id='nav-footer']/ul/li/a[@title])[3]	class8	menu
class73	link	(//nav[@id='nav-footer']/ul/li/a[@title])[6]	class8	menu
class73	link	(//nav[@id='nav-footer']/ul/li/a[@title])[7]	class5	menu
class73	link	(//nav[@id='nav-footer']/ul/li/a[@title])[1]	class5	menu
class73	link	//div[@id='breadcrumb']/a[@title]	class17	list
class73	link	//div[@id='footer-1']/div[@class]/small/a[@title]	class13	list
class73	link	//a[@id='link-myww']	class13	singleton
class73	link	//div[@id='page']/div[@class]/div[@class]/a[@class]/a	class73	singleton
class73	link	//div[@id='propertypage-col1']/a[@title and @class]	class13	singleton
class73	link	//div[@id='page']/div[@class]/div[@class]/a[@class]	class73	singleton
class73	link	//div[@id='propertypage-col3']/a[@title and @class]	class8	singleton
class73	link	//div[@id='page']/div[@class]/div[@class]/a[@class]	class73	singleton
class73	link	//div[@id='page']/div[@class]/div[@class]/a	class73	singleton
class78	link	//div[@id='vt-menu']/ul/li/a[@title]	class78	list
class86	link	(//nav[@id='nav-propertypage']/ul/li/a[@title and @class])[5]	class165	menu
class86	link	(//nav[@id='nav-propertypage']/ul/li/a[@title and @class])[2]	class78	menu
class86	link	(//nav[@id='nav-header']/ul/li/a[@title])[2]	class5	menu
class86	link	(//nav[@id='nav-header']/ul/li/a[@title])[4]	class8	menu
class86	link	(//nav[@id='nav-header']/ul/li/a[@title])[5]	class8	menu
class86	link	(//nav[@id='nav-header']/ul/li/a[@title])[8]	class6	menu
class86	link	(//nav[@id='nav-header']/ul/li/a[@title])[3]	class8	menu
class86	link	(//nav[@id='nav-header']/ul/li/a[@title])[6]	class8	menu
class86	link	(//nav[@id='nav-header']/ul/li/a[@title])[7]	class5	menu
class86	link	(//nav[@id='nav-header']/ul/li/a[@title])[1]	class5	menu
class86	link	(//nav[@id='nav-footer']/ul/li/a[@title])[2]	class5	menu
class86	link	(//nav[@id='nav-footer']/ul/li/a[@title])[4]	class8	menu
class86	link	(//nav[@id='nav-footer']/ul/li/a[@title])[5]	class8	menu
class86	link	(//nav[@id='nav-footer']/ul/li/a[@title])[8]	class6	menu
class86	link	(//nav[@id='nav-footer']/ul/li/a[@title])[3]	class8	menu
class86	link	(//nav[@id='nav-footer']/ul/li/a[@title])[6]	class8	menu
class86	link	(//nav[@id='nav-footer']/ul/li/a[@title])[7]	class5	menu
class86	link	(//nav[@id='nav-footer']/ul/li/a[@title])[1]	class5	menu
class86	link	//div[@id='breadcrumb']/a[@title]	class17	list
class86	link	//div[@id='footer-1']/div[@class]/small/a[@title]	class13	list
class86	link	//a[@id='link-myww']	class13	singleton
class86	link	//div[@id='page']/div[@class]/div[@class]/a[@class]/a	class86	singleton
class86	link	//div[@id='propertypage-col1']/a[@title and @class]	class13	singleton
class86	link	//div[@id='page']/div[@class]/div[@class]/a[@class]	class86	singleton
class86	link	//div[@id='propertypage-col3']/a[@title and @class]	class8	singleton
class86	link	//div[@id='page']/div[@class]/div[@class]/a[@class]	class86	singleton
class86	link	//div[@id='page']/div[@class]/div[@class]/a	class86	singleton
class93	link	(//nav[@id='nav-propertypage']/ul/li/a[@title and @class])[2]	class78	menu
class93	link	(//nav[@id='nav-propertypage']/ul/li/a[@title and @class])[5]	class159	menu
class93	link	(//nav[@id='nav-header']/ul/li/a[@title])[2]	class5	menu
class93	link	(//nav[@id='nav-header']/ul/li/a[@title])[4]	class8	menu
class93	link	(//nav[@id='nav-header']/ul/li/a[@title])[5]	class8	menu
class93	link	(//nav[@id='nav-header']/ul/li/a[@title])[8]	class6	menu
class93	link	(//nav[@id='nav-header']/ul/li/a[@title])[3]	class8	menu
class93	link	(//nav[@id='nav-header']/ul/li/a[@title])[6]	class8	menu
class93	link	(//nav[@id='nav-header']/ul/li/a[@title])[7]	class5	menu
class93	link	(//nav[@id='nav-header']/ul/li/a[@title])[1]	class5	menu
class93	link	(//nav[@id='nav-footer']/ul/li/a[@title])[2]	class5	menu
class93	link	(//nav[@id='nav-footer']/ul/li/a[@title])[4]	class8	menu
class93	link	(//nav[@id='nav-footer']/ul/li/a[@title])[5]	class8	menu
class93	link	(//nav[@id='nav-footer']/ul/li/a[@title])[8]	class6	menu
class93	link	(//nav[@id='nav-footer']/ul/li/a[@title])[3]	class8	menu
class93	link	(//nav[@id='nav-footer']/ul/li/a[@title])[6]	class8	menu
class93	link	(//nav[@id='nav-footer']/ul/li/a[@title])[7]	class5	menu
class93	link	(//nav[@id='nav-footer']/ul/li/a[@title])[1]	class5	menu
class93	link	//div[@id='breadcrumb']/a[@title]	class17	list
class93	link	//div[@id='footer-1']/div[@class]/small/a[@title]	class13	list
class93	link	//a[@id='link-myww']	class13	singleton
class93	link	//div[@id='page']/div[@class]/div[@class]/a[@class]/a	class93	singleton
class93	link	//div[@id='propertypage-col1']/a[@title and @class]	class13	singleton
class93	link	//div[@id='page']/div[@class]/div[@class]/a[@class]	class93	singleton
class93	link	//div[@id='propertypage-col3']/a[@title and @class]	class8	singleton
class93	link	//div[@id='page']/div[@class]/div[@class]/a[@class]	class93	singleton
class93	link	//div[@id='page']/div[@class]/div[@class]/a	class93	singleton
class116	link	(//nav[@id='nav-propertypage']/ul/li/a[@title and @class])[2]	class78	menu
class116	link	(//nav[@id='nav-propertypage']/ul/li/a[@title and @class])[5]	class133	menu
class116	link	(//nav[@id='nav-header']/ul/li/a[@title])[2]	class5	menu
class116	link	(//nav[@id='nav-header']/ul/li/a[@title])[4]	class8	menu
class116	link	(//nav[@id='nav-header']/ul/li/a[@title])[5]	class8	menu
class116	link	(//nav[@id='nav-header']/ul/li/a[@title])[8]	class6	menu
class116	link	(//nav[@id='nav-header']/ul/li/a[@title])[3]	class8	menu
class116	link	(//nav[@id='nav-header']/ul/li/a[@title])[6]	class8	menu
class116	link	(//nav[@id='nav-header']/ul/li/a[@title])[7]	class5	menu
class116	link	(//nav[@id='nav-header']/ul/li/a[@title])[1]	class5	menu
class116	link	(//nav[@id='nav-footer']/ul/li/a[@title])[2]	class5	menu
class116	link	(//nav[@id='nav-footer']/ul/li/a[@title])[4]	class8	menu
class116	link	(//nav[@id='nav-footer']/ul/li/a[@title])[5]	class8	menu
class116	link	(//nav[@id='nav-footer']/ul/li/a[@title])[8]	class6	menu
class116	link	(//nav[@id='nav-footer']/ul/li/a[@title])[3]	class8	menu
class116	link	(//nav[@id='nav-footer']/ul/li/a[@title])[6]	class8	menu
class116	link	(//nav[@id='nav-footer']/ul/li/a[@title])[7]	class5	menu
class116	link	(//nav[@id='nav-footer']/ul/li/a[@title])[1]	class5	menu
class116	link	//div[@id='breadcrumb']/a[@title]	class17	list
class116	link	//div[@id='footer-1']/div[@class]/small/a[@title]	class13	list
class116	link	//a[@id='link-myww']	class13	singleton
class116	link	//div[@id='page']/div[@class]/div[@class]/a[@class]/a	class116	singleton
class116	link	//div[@id='propertypage-col1']/a[@title and @class]	class13	singleton
class116	link	//div[@id='page']/div[@class]/div[@class]/a[@class]	class116	singleton
class116	link	//div[@id='propertypage-col3']/a[@title and @class]	class8	singleton
class116	link	//div[@id='page']/div[@class]/div[@class]/a[@class]	class116	singleton
class116	link	//div[@id='page']/div[@class]/div[@class]/a	class116	singleton
class121	link	/html/body[@onload]/div[@class]/a	class121	list
class121	link	//div[@id='map-header-title']/a[@title]	class116	singleton
class121	link	/html/body[@onload]/div[@class]/a[@class]	class121	singleton
class121	link	/html/body[@onload]/div[@class]/a[@class]/a	class121	singleton
class121	link	/html/body[@onload]/div[@class]/a[@class]	class121	singleton
class121	link	//div[@id='map-canvas']/div[@style]/div[@style]/div[@class]/div[@unselectable]/div[@style]/a	class121	singleton
